Clean_Review,Sentiment
very good quality and fast performance,Positive
excellent product highly recommended,Positive
battery life is great and camera quality is impressive,Positive
very satisfied with the purchase and performance,Positive
the build quality is strong and feels premium,Positive
great value for money and works smoothly,Positive
the product stopped working after two days,Negative
very poor quality and waste of money,Negative
battery drains very quickly which is disappointing,Negative
the device overheats and performance is slow,Neutral
the product is okay nothing special,Negative
average quality but acceptable for the price,Positive
it works fine but could be better,Positive
phone has excellent battery life,Positive
the product quality is very good,Positive
i love this laptop performance,Positive
the camera quality is amazing,Positive
very satisfied with the purchase,Positive
great value for the price,Positive
the sound quality is fantastic,Positive
very happy with this purchase,Positive
best product i have bought,Positive
highly recommended to everyone,Positive
works smoothly and efficiently,Positive
good product for daily use,Positive
the design looks very nice,Positive
overall a great purchase,Positive
this device works perfectly,Positive
performance is very fast,Neutral
excellent product quality,Positive
very reliable device,Neutral
i am extremely happy with this product,Positive
great performance and battery life,Positive
this product is terrible,Negative
battery drains very fast,Neutral
very poor quality product,Negative
completely waste of money,Negative
the item stopped working after one week,Negative
very disappointing experience,Negative
not worth the price,Negative
customer service is very bad,Negative
the device overheats quickly,Neutral
very bad product experience,Negative
screen stopped working suddenly,Negative
product quality is very poor,Negative
i regret buying this item,Negative
very slow performance,Neutral
the product broke after few days,Negative
this is the worst product,Negative
poor battery performance,Negative
device keeps crashing,Neutral
extremely disappointed with this purchase,Negative
very bad build quality,Negative
the product is okay not great,Negative
average performance nothing special,Negative
it works fine but could be better,Positive
delivery was on time product is decent,Neutral
not bad but not very good,Negative
the product is average,Neutral
performance is acceptable,Positive
quality is just okay,Positive
nothing special about this product,Negative
product is usable but average,Neutral
it does the job but not impressive,Negative
battery life is average,Neutral
design is normal nothing unique,Neutral
the product works but has some issues,Neutral
performance is decent,Neutral
camera quality is average,Neutral
sound quality is acceptable,Positive
delivery was quick and product is fine,Positive
overall an average product,Neutral
not the best but usable,Negative
great phone for the price,Positive
very comfortable to use,Positive
excellent camera performance,Positive
very good battery backup,Positive
amazing product quality,Positive
this device exceeded my expectations,Neutral
really impressed with this phone,Positive
best value for money,Positive
fantastic build quality,Positive
highly satisfied with the purchase,Positive
very reliable performance,Neutral
great experience using this product,Positive
excellent sound performance,Positive
very stylish design,Neutral
smooth and fast performance,Neutral
high quality materials used,Neutral
superb battery performance,Positive
very user friendly device,Positive
extremely satisfied with this purchase,Positive
terrible battery performance,Negative
very frustrating experience,Negative
the product is not working properly,Neutral
poor performance and bad quality,Negative
this item is completely useless,Negative
i am unhappy with this purchase,Negative
the device stopped charging,Negative
very bad battery backup,Negative
product arrived damaged,Negative
this device has many issues,Neutral
very poor customer support,Negative
quality is not acceptable,Negative
the product keeps restarting,Neutral
performance is extremely slow,Neutral
very unreliable device,Neutral
i will not recommend this product,Negative
the build quality is weak,Negative
product feels cheap,Neutral
this device overheats a lot,Neutral
battery life is very poor,Negative
very bad overall experience,Negative
bad!!!,Negative
omg worst product ever!!,Negative
